sampleName,fileName,Row,Rootstock,Irrigation,Phenology,Tissue,Block
A1Y1_001_L,A1Y1_001_L.counts,8,1103P,none,anthesis,Leaf,A
A1Y1_001_R,A1Y1_001_R.counts,8,1103P,none,anthesis,Reproductive,A
A1Y1_002_L,A1Y1_002_L.counts,8,1103P,none,anthesis,Leaf,A
A1Y1_002_R,A1Y1_002_R.counts,8,1103P,none,anthesis,Reproductive,A
A1Y1_003_L,A1Y1_003_L.counts,8,3309C,none,anthesis,Leaf,A
A1Y1_003_R,A1Y1_003_R.counts,8,3309C,none,anthesis,Reproductive,A
A1Y1_004_L,A1Y1_004_L.counts,8,3309C,none,anthesis,Leaf,A
A1Y1_004_R,A1Y1_004_R.counts,8,3309C,none,anthesis,Reproductive,A
A1Y1_005_L,A1Y1_005_L.counts,8,SO4,none,anthesis,Leaf,A
A1Y1_005_R,A1Y1_005_R.counts,8,SO4,none,anthesis,Reproductive,A
A1Y1_006_L,A1Y1_006_L.counts,8,SO4,none,anthesis,Leaf,A
A1Y1_006_R,A1Y1_006_R.counts,8,SO4,none,anthesis,Reproductive,A
A1Y1_007_L,A1Y1_007_L.counts,8,Own,none,anthesis,Leaf,A
A1Y1_007_R,A1Y1_007_R.counts,8,Own,none,anthesis,Reproductive,A
A1Y1_008_L,A1Y1_008_L.counts,8,Own,none,anthesis,Leaf,A
A1Y1_008_R,A1Y1_008_R.counts,8,Own,none,anthesis,Reproductive,A
A1Y1_009_L,A1Y1_009_L.counts,9,Own,RDI,anthesis,Leaf,A
A1Y1_009_R,A1Y1_009_R.counts,9,Own,RDI,anthesis,Reproductive,A
A1Y1_010_L,A1Y1_010_L.counts,9,Own,RDI,anthesis,Leaf,A
A1Y1_010_R,A1Y1_010_R.counts,9,Own,RDI,anthesis,Reproductive,A
A1Y1_011_L,A1Y1_011_L.counts,9,1103P,RDI,anthesis,Leaf,A
A1Y1_011_R,A1Y1_011_R.counts,9,1103P,RDI,anthesis,Reproductive,A
A1Y1_012_L,A1Y1_012_L.counts,9,1103P,RDI,anthesis,Leaf,A
A1Y1_012_R,A1Y1_012_R.counts,9,1103P,RDI,anthesis,Reproductive,A
A1Y1_013_L,A1Y1_013_L.counts,9,3309C,RDI,anthesis,Leaf,A
A1Y1_013_R,A1Y1_013_R.counts,9,3309C,RDI,anthesis,Reproductive,A
A1Y1_014_L,A1Y1_014_L.counts,9,3309C,RDI,anthesis,Leaf,A
A1Y1_014_R,A1Y1_014_R.counts,9,3309C,RDI,anthesis,Reproductive,A
A1Y1_015_L,A1Y1_015_L.counts,9,SO4,RDI,anthesis,Leaf,A
A1Y1_015_R,A1Y1_015_R.counts,9,SO4,RDI,anthesis,Reproductive,A
A1Y1_016_L,A1Y1_016_L.counts,9,SO4,RDI,anthesis,Leaf,A
A1Y1_016_R,A1Y1_016_R.counts,9,SO4,RDI,anthesis,Reproductive,A
A1Y1_017_L,A1Y1_017_L.counts,10,3309C,full,anthesis,Leaf,A
A1Y1_017_R,A1Y1_017_R.counts,10,3309C,full,anthesis,Reproductive,A
A1Y1_018_L,A1Y1_018_L.counts,10,3309C,full,anthesis,Leaf,A
A1Y1_018_R,A1Y1_018_R.counts,10,3309C,full,anthesis,Reproductive,A
A1Y1_019_L,A1Y1_019_L.counts,10,SO4,full,anthesis,Leaf,A
A1Y1_019_R,A1Y1_019_R.counts,10,SO4,full,anthesis,Reproductive,A
A1Y1_020_L,A1Y1_020_L.counts,10,SO4,full,anthesis,Leaf,A
A1Y1_020_R,A1Y1_020_R.counts,10,SO4,full,anthesis,Reproductive,A
A1Y1_021_L,A1Y1_021_L.counts,10,Own,full,anthesis,Leaf,A
A1Y1_021_R,A1Y1_021_R.counts,10,Own,full,anthesis,Reproductive,A
A1Y1_022_L,A1Y1_022_L.counts,10,Own,full,anthesis,Leaf,A
A1Y1_022_R,A1Y1_022_R.counts,10,Own,full,anthesis,Reproductive,A
A1Y1_023_L,A1Y1_023_L.counts,10,1103P,full,anthesis,Leaf,A
A1Y1_023_R,A1Y1_023_R.counts,10,1103P,full,anthesis,Reproductive,A
A1Y1_024_L,A1Y1_024_L.counts,10,1103P,full,anthesis,Leaf,A
A1Y1_024_R,A1Y1_024_R.counts,10,1103P,full,anthesis,Reproductive,A
A1Y1_025_L,A1Y1_025_L.counts,11,3309C,RDI,anthesis,Leaf,B
A1Y1_025_R,A1Y1_025_R.counts,11,3309C,RDI,anthesis,Reproductive,B
A1Y1_026_L,A1Y1_026_L.counts,11,3309C,RDI,anthesis,Leaf,B
A1Y1_026_R,A1Y1_026_R.counts,11,3309C,RDI,anthesis,Reproductive,B
A1Y1_027_L,A1Y1_027_L.counts,11,1103P,RDI,anthesis,Leaf,B
A1Y1_027_R,A1Y1_027_R.counts,11,1103P,RDI,anthesis,Reproductive,B
A1Y1_028_L,A1Y1_028_L.counts,11,1103P,RDI,anthesis,Leaf,B
A1Y1_028_R,A1Y1_028_R.counts,11,1103P,RDI,anthesis,Reproductive,B
A1Y1_029_L,A1Y1_029_L.counts,11,Own,RDI,anthesis,Leaf,B
A1Y1_029_R,A1Y1_029_R.counts,11,Own,RDI,anthesis,Reproductive,B
A1Y1_030_L,A1Y1_030_L.counts,11,Own,RDI,anthesis,Leaf,B
A1Y1_030_R,A1Y1_030_R.counts,11,Own,RDI,anthesis,Reproductive,B
A1Y1_031_L,A1Y1_031_L.counts,11,SO4,RDI,anthesis,Leaf,B
A1Y1_031_R,A1Y1_031_R.counts,11,SO4,RDI,anthesis,Reproductive,B
A1Y1_032_L,A1Y1_032_L.counts,11,SO4,RDI,anthesis,Leaf,B
A1Y1_032_R,A1Y1_032_R.counts,11,SO4,RDI,anthesis,Reproductive,B
A1Y1_033_L,A1Y1_033_L.counts,12,1103P,full,anthesis,Leaf,B
A1Y1_033_R,A1Y1_033_R.counts,12,1103P,full,anthesis,Reproductive,B
A1Y1_034_L,A1Y1_034_L.counts,12,1103P,full,anthesis,Leaf,B
A1Y1_034_R,A1Y1_034_R.counts,12,1103P,full,anthesis,Reproductive,B
A1Y1_035_L,A1Y1_035_L.counts,12,Own,full,anthesis,Leaf,B
A1Y1_035_R,A1Y1_035_R.counts,12,Own,full,anthesis,Reproductive,B
A1Y1_036_L,A1Y1_036_L.counts,12,Own,full,anthesis,Leaf,B
A1Y1_036_R,A1Y1_036_R.counts,12,Own,full,anthesis,Reproductive,B
A1Y1_037_L,A1Y1_037_L.counts,12,SO4,full,anthesis,Leaf,B
A1Y1_037_R,A1Y1_037_R.counts,12,SO4,full,anthesis,Reproductive,B
A1Y1_038_L,A1Y1_038_L.counts,12,SO4,full,anthesis,Leaf,B
A1Y1_038_R,A1Y1_038_R.counts,12,SO4,full,anthesis,Reproductive,B
A1Y1_039_L,A1Y1_039_L.counts,12,3309C,full,anthesis,Leaf,B
A1Y1_039_R,A1Y1_039_R.counts,12,3309C,full,anthesis,Reproductive,B
A1Y1_040_L,A1Y1_040_L.counts,12,3309C,full,anthesis,Leaf,B
A1Y1_040_R,A1Y1_040_R.counts,12,3309C,full,anthesis,Reproductive,B
A1Y1_041_L,A1Y1_041_L.counts,13,SO4,none,anthesis,Leaf,B
A1Y1_041_R,A1Y1_041_R.counts,13,SO4,none,anthesis,Reproductive,B
A1Y1_042_L,A1Y1_042_L.counts,13,SO4,none,anthesis,Leaf,B
A1Y1_042_R,A1Y1_042_R.counts,13,SO4,none,anthesis,Reproductive,B
A1Y1_043_L,A1Y1_043_L.counts,13,3309C,none,anthesis,Leaf,B
A1Y1_043_R,A1Y1_043_R.counts,13,3309C,none,anthesis,Reproductive,B
A1Y1_044_L,A1Y1_044_L.counts,13,3309C,none,anthesis,Leaf,B
A1Y1_044_R,A1Y1_044_R.counts,13,3309C,none,anthesis,Reproductive,B
A1Y1_045_L,A1Y1_045_L.counts,13,1103P,none,anthesis,Leaf,B
A1Y1_045_R,A1Y1_045_R.counts,13,1103P,none,anthesis,Reproductive,B
A1Y1_046_L,A1Y1_046_L.counts,13,1103P,none,anthesis,Leaf,B
A1Y1_046_R,A1Y1_046_R.counts,13,1103P,none,anthesis,Reproductive,B
A1Y1_047_L,A1Y1_047_L.counts,13,Own,none,anthesis,Leaf,B
A1Y1_047_R,A1Y1_047_R.counts,13,Own,none,anthesis,Reproductive,B
A1Y1_048_L,A1Y1_048_L.counts,13,Own,none,anthesis,Leaf,B
A1Y1_048_R,A1Y1_048_R.counts,13,Own,none,anthesis,Reproductive,B
A1Y1_049_L,A1Y1_049_L.counts,14,3309C,RDI,anthesis,Leaf,C
A1Y1_049_R,A1Y1_049_R.counts,14,3309C,RDI,anthesis,Reproductive,C
A1Y1_050_L,A1Y1_050_L.counts,14,3309C,RDI,anthesis,Leaf,C
A1Y1_050_R,A1Y1_050_R.counts,14,3309C,RDI,anthesis,Reproductive,C
A1Y1_051_L,A1Y1_051_L.counts,14,SO4,RDI,anthesis,Leaf,C
A1Y1_051_R,A1Y1_051_R.counts,14,SO4,RDI,anthesis,Reproductive,C
A1Y1_052_L,A1Y1_052_L.counts,14,SO4,RDI,anthesis,Leaf,C
A1Y1_052_R,A1Y1_052_R.counts,14,SO4,RDI,anthesis,Reproductive,C
A1Y1_053_L,A1Y1_053_L.counts,14,Own,RDI,anthesis,Leaf,C
A1Y1_053_R,A1Y1_053_R.counts,14,Own,RDI,anthesis,Reproductive,C
A1Y1_054_L,A1Y1_054_L.counts,14,Own,RDI,anthesis,Leaf,C
A1Y1_054_R,A1Y1_054_R.counts,14,Own,RDI,anthesis,Reproductive,C
A1Y1_055_L,A1Y1_055_L.counts,14,1103P,RDI,anthesis,Leaf,C
A1Y1_055_R,A1Y1_055_R.counts,14,1103P,RDI,anthesis,Reproductive,C
A1Y1_056_L,A1Y1_056_L.counts,14,1103P,RDI,anthesis,Leaf,C
A1Y1_056_R,A1Y1_056_R.counts,14,1103P,RDI,anthesis,Reproductive,C
A1Y1_057_L,A1Y1_057_L.counts,15,Own,none,anthesis,Leaf,C
A1Y1_057_R,A1Y1_057_R.counts,15,Own,none,anthesis,Reproductive,C
A1Y1_058_L,A1Y1_058_L.counts,15,Own,none,anthesis,Leaf,C
A1Y1_058_R,A1Y1_058_R.counts,15,Own,none,anthesis,Reproductive,C
A1Y1_059_L,A1Y1_059_L.counts,15,3309C,none,anthesis,Leaf,C
A1Y1_059_R,A1Y1_059_R.counts,15,3309C,none,anthesis,Reproductive,C
A1Y1_060_L,A1Y1_060_L.counts,15,3309C,none,anthesis,Leaf,C
A1Y1_060_R,A1Y1_060_R.counts,15,3309C,none,anthesis,Reproductive,C
A1Y1_061_L,A1Y1_061_L.counts,15,1103P,none,anthesis,Leaf,C
A1Y1_061_R,A1Y1_061_R.counts,15,1103P,none,anthesis,Reproductive,C
A1Y1_062_L,A1Y1_062_L.counts,15,1103P,none,anthesis,Leaf,C
A1Y1_062_R,A1Y1_062_R.counts,15,1103P,none,anthesis,Reproductive,C
A1Y1_063_L,A1Y1_063_L.counts,15,SO4,none,anthesis,Leaf,C
A1Y1_063_R,A1Y1_063_R.counts,15,SO4,none,anthesis,Reproductive,C
A1Y1_064_L,A1Y1_064_L.counts,15,SO4,none,anthesis,Leaf,C
A1Y1_064_R,A1Y1_064_R.counts,15,SO4,none,anthesis,Reproductive,C
A1Y1_065_L,A1Y1_065_L.counts,16,1103P,full,anthesis,Leaf,C
A1Y1_065_R,A1Y1_065_R.counts,16,1103P,full,anthesis,Reproductive,C
A1Y1_066_L,A1Y1_066_L.counts,16,1103P,full,anthesis,Leaf,C
A1Y1_066_R,A1Y1_066_R.counts,16,1103P,full,anthesis,Reproductive,C
A1Y1_067_L,A1Y1_067_L.counts,16,Own,full,anthesis,Leaf,C
A1Y1_067_R,A1Y1_067_R.counts,16,Own,full,anthesis,Reproductive,C
A1Y1_068_L,A1Y1_068_L.counts,16,Own,full,anthesis,Leaf,C
A1Y1_068_R,A1Y1_068_R.counts,16,Own,full,anthesis,Reproductive,C
A1Y1_069_L,A1Y1_069_L.counts,16,SO4,full,anthesis,Leaf,C
A1Y1_069_R,A1Y1_069_R.counts,16,SO4,full,anthesis,Reproductive,C
A1Y1_070_L,A1Y1_070_L.counts,16,SO4,full,anthesis,Leaf,C
A1Y1_070_R,A1Y1_070_R.counts,16,SO4,full,anthesis,Reproductive,C
A1Y1_071_L,A1Y1_071_L.counts,16,3309C,full,anthesis,Leaf,C
A1Y1_071_R,A1Y1_071_R.counts,16,3309C,full,anthesis,Reproductive,C
A1Y1_072_L,A1Y1_072_L.counts,16,3309C,full,anthesis,Leaf,C
A1Y1_072_R,A1Y1_072_R.counts,16,3309C,full,anthesis,Reproductive,C
A1Y1_073_L,A1Y1_073_L.counts,8,1103P,none,veraison,Leaf,A
A1Y1_073_R,A1Y1_073_R.counts,8,1103P,none,veraison,Reproductive,A
A1Y1_074_L,A1Y1_074_L.counts,8,1103P,none,veraison,Leaf,A
A1Y1_074_R,A1Y1_074_R.counts,8,1103P,none,veraison,Reproductive,A
A1Y1_075_L,A1Y1_075_L.counts,8,3309C,none,veraison,Leaf,A
A1Y1_075_R,A1Y1_075_R.counts,8,3309C,none,veraison,Reproductive,A
A1Y1_076_L,A1Y1_076_L.counts,8,3309C,none,veraison,Leaf,A
A1Y1_076_R,A1Y1_076_R.counts,8,3309C,none,veraison,Reproductive,A
A1Y1_077_L,A1Y1_077_L.counts,8,SO4,none,veraison,Leaf,A
A1Y1_077_R,A1Y1_077_R.counts,8,SO4,none,veraison,Reproductive,A
A1Y1_078_L,A1Y1_078_L.counts,8,SO4,none,veraison,Leaf,A
A1Y1_078_R,A1Y1_078_R.counts,8,SO4,none,veraison,Reproductive,A
A1Y1_079_L,A1Y1_079_L.counts,8,Own,none,veraison,Leaf,A
A1Y1_079_R,A1Y1_079_R.counts,8,Own,none,veraison,Reproductive,A
A1Y1_080_L,A1Y1_080_L.counts,8,Own,none,veraison,Leaf,A
A1Y1_080_R,A1Y1_080_R.counts,8,Own,none,veraison,Reproductive,A
A1Y1_081_L,A1Y1_081_L.counts,9,Own,RDI,veraison,Leaf,A
A1Y1_081_R,A1Y1_081_R.counts,9,Own,RDI,veraison,Reproductive,A
A1Y1_082_L,A1Y1_082_L.counts,9,Own,RDI,veraison,Leaf,A
A1Y1_082_R,A1Y1_082_R.counts,9,Own,RDI,veraison,Reproductive,A
A1Y1_083_L,A1Y1_083_L.counts,9,1103P,RDI,veraison,Leaf,A
A1Y1_083_R,A1Y1_083_R.counts,9,1103P,RDI,veraison,Reproductive,A
A1Y1_084_L,A1Y1_084_L.counts,9,1103P,RDI,veraison,Leaf,A
A1Y1_084_R,A1Y1_084_R.counts,9,1103P,RDI,veraison,Reproductive,A
A1Y1_085_L,A1Y1_085_L.counts,9,3309C,RDI,veraison,Leaf,A
A1Y1_085_R,A1Y1_085_R.counts,9,3309C,RDI,veraison,Reproductive,A
A1Y1_086_L,A1Y1_086_L.counts,9,3309C,RDI,veraison,Leaf,A
A1Y1_086_R,A1Y1_086_R.counts,9,3309C,RDI,veraison,Reproductive,A
A1Y1_087_L,A1Y1_087_L.counts,9,SO4,RDI,veraison,Leaf,A
A1Y1_087_R,A1Y1_087_R.counts,9,SO4,RDI,veraison,Reproductive,A
A1Y1_088_L,A1Y1_088_L.counts,9,SO4,RDI,veraison,Leaf,A
A1Y1_088_R,A1Y1_088_R.counts,9,SO4,RDI,veraison,Reproductive,A
A1Y1_089_L,A1Y1_089_L.counts,10,3309C,full,veraison,Leaf,A
A1Y1_089_R,A1Y1_089_R.counts,10,3309C,full,veraison,Reproductive,A
A1Y1_090_L,A1Y1_090_L.counts,10,3309C,full,veraison,Leaf,A
A1Y1_090_R,A1Y1_090_R.counts,10,3309C,full,veraison,Reproductive,A
A1Y1_091_L,A1Y1_091_L.counts,10,SO4,full,veraison,Leaf,A
A1Y1_091_R,A1Y1_091_R.counts,10,SO4,full,veraison,Reproductive,A
A1Y1_092_L,A1Y1_092_L.counts,10,SO4,full,veraison,Leaf,A
A1Y1_092_R,A1Y1_092_R.counts,10,SO4,full,veraison,Reproductive,A
A1Y1_093_L,A1Y1_093_L.counts,10,Own,full,veraison,Leaf,A
A1Y1_093_R,A1Y1_093_R.counts,10,Own,full,veraison,Reproductive,A
A1Y1_094_L,A1Y1_094_L.counts,10,Own,full,veraison,Leaf,A
A1Y1_094_R,A1Y1_094_R.counts,10,Own,full,veraison,Reproductive,A
A1Y1_095_L,A1Y1_095_L.counts,10,1103P,full,veraison,Leaf,A
A1Y1_095_R,A1Y1_095_R.counts,10,1103P,full,veraison,Reproductive,A
A1Y1_096_L,A1Y1_096_L.counts,10,1103P,full,veraison,Leaf,A
A1Y1_096_R,A1Y1_096_R.counts,10,1103P,full,veraison,Reproductive,A
A1Y1_097_L,A1Y1_097_L.counts,11,3309C,RDI,veraison,Leaf,B
A1Y1_097_R,A1Y1_097_R.counts,11,3309C,RDI,veraison,Reproductive,B
A1Y1_098_L,A1Y1_098_L.counts,11,3309C,RDI,veraison,Leaf,B
A1Y1_098_R,A1Y1_098_R.counts,11,3309C,RDI,veraison,Reproductive,B
A1Y1_099_L,A1Y1_099_L.counts,11,1103P,RDI,veraison,Leaf,B
A1Y1_099_R,A1Y1_099_R.counts,11,1103P,RDI,veraison,Reproductive,B
A1Y1_100_L,A1Y1_100_L.counts,11,1103P,RDI,veraison,Leaf,B
A1Y1_100_R,A1Y1_100_R.counts,11,1103P,RDI,veraison,Reproductive,B
A1Y1_101_L,A1Y1_101_L.counts,11,Own,RDI,veraison,Leaf,B
A1Y1_101_R,A1Y1_101_R.counts,11,Own,RDI,veraison,Reproductive,B
A1Y1_102_L,A1Y1_102_L.counts,11,Own,RDI,veraison,Leaf,B
A1Y1_102_R,A1Y1_102_R.counts,11,Own,RDI,veraison,Reproductive,B
A1Y1_103_L,A1Y1_103_L.counts,11,SO4,RDI,veraison,Leaf,B
A1Y1_103_R,A1Y1_103_R.counts,11,SO4,RDI,veraison,Reproductive,B
A1Y1_104_L,A1Y1_104_L.counts,11,SO4,RDI,veraison,Leaf,B
A1Y1_104_R,A1Y1_104_R.counts,11,SO4,RDI,veraison,Reproductive,B
A1Y1_105_L,A1Y1_105_L.counts,12,1103P,full,veraison,Leaf,B
A1Y1_105_R,A1Y1_105_R.counts,12,1103P,full,veraison,Reproductive,B
A1Y1_106_L,A1Y1_106_L.counts,12,1103P,full,veraison,Leaf,B
A1Y1_106_R,A1Y1_106_R.counts,12,1103P,full,veraison,Reproductive,B
A1Y1_107_L,A1Y1_107_L.counts,12,Own,full,veraison,Leaf,B
A1Y1_107_R,A1Y1_107_R.counts,12,Own,full,veraison,Reproductive,B
A1Y1_108_L,A1Y1_108_L.counts,12,Own,full,veraison,Leaf,B
A1Y1_108_R,A1Y1_108_R.counts,12,Own,full,veraison,Reproductive,B
A1Y1_109_L,A1Y1_109_L.counts,12,SO4,full,veraison,Leaf,B
A1Y1_109_R,A1Y1_109_R.counts,12,SO4,full,veraison,Reproductive,B
A1Y1_110_L,A1Y1_110_L.counts,12,SO4,full,veraison,Leaf,B
A1Y1_110_R,A1Y1_110_R.counts,12,SO4,full,veraison,Reproductive,B
A1Y1_111_L,A1Y1_111_L.counts,12,3309C,full,veraison,Leaf,B
A1Y1_111_R,A1Y1_111_R.counts,12,3309C,full,veraison,Reproductive,B
A1Y1_112_L,A1Y1_112_L.counts,12,3309C,full,veraison,Leaf,B
A1Y1_112_R,A1Y1_112_R.counts,12,3309C,full,veraison,Reproductive,B
A1Y1_113_L,A1Y1_113_L.counts,13,SO4,none,veraison,Leaf,B
A1Y1_113_R,A1Y1_113_R.counts,13,SO4,none,veraison,Reproductive,B
A1Y1_114_L,A1Y1_114_L.counts,13,SO4,none,veraison,Leaf,B
A1Y1_114_R,A1Y1_114_R.counts,13,SO4,none,veraison,Reproductive,B
A1Y1_115_L,A1Y1_115_L.counts,13,3309C,none,veraison,Leaf,B
A1Y1_115_R,A1Y1_115_R.counts,13,3309C,none,veraison,Reproductive,B
A1Y1_116_L,A1Y1_116_L.counts,13,3309C,none,veraison,Leaf,B
A1Y1_116_R,A1Y1_116_R.counts,13,3309C,none,veraison,Reproductive,B
A1Y1_117_L,A1Y1_117_L.counts,13,1103P,none,veraison,Leaf,B
A1Y1_117_R,A1Y1_117_R.counts,13,1103P,none,veraison,Reproductive,B
A1Y1_118_L,A1Y1_118_L.counts,13,1103P,none,veraison,Leaf,B
A1Y1_118_R,A1Y1_118_R.counts,13,1103P,none,veraison,Reproductive,B
A1Y1_119_L,A1Y1_119_L.counts,13,Own,none,veraison,Leaf,B
A1Y1_119_R,A1Y1_119_R.counts,13,Own,none,veraison,Reproductive,B
A1Y1_120_L,A1Y1_120_L.counts,13,Own,none,veraison,Leaf,B
A1Y1_120_R,A1Y1_120_R.counts,13,Own,none,veraison,Reproductive,B
A1Y1_121_L,A1Y1_121_L.counts,14,3309C,RDI,veraison,Leaf,C
A1Y1_121_R,A1Y1_121_R.counts,14,3309C,RDI,veraison,Reproductive,C
A1Y1_122_L,A1Y1_122_L.counts,14,3309C,RDI,veraison,Leaf,C
A1Y1_122_R,A1Y1_122_R.counts,14,3309C,RDI,veraison,Reproductive,C
A1Y1_123_L,A1Y1_123_L.counts,14,SO4,RDI,veraison,Leaf,C
A1Y1_123_R,A1Y1_123_R.counts,14,SO4,RDI,veraison,Reproductive,C
A1Y1_124_L,A1Y1_124_L.counts,14,SO4,RDI,veraison,Leaf,C
A1Y1_124_R,A1Y1_124_R.counts,14,SO4,RDI,veraison,Reproductive,C
A1Y1_125_L,A1Y1_125_L.counts,14,Own,RDI,veraison,Leaf,C
A1Y1_125_R,A1Y1_125_R.counts,14,Own,RDI,veraison,Reproductive,C
A1Y1_126_L,A1Y1_126_L.counts,14,Own,RDI,veraison,Leaf,C
A1Y1_126_R,A1Y1_126_R.counts,14,Own,RDI,veraison,Reproductive,C
A1Y1_127_L,A1Y1_127_L.counts,14,1103P,RDI,veraison,Leaf,C
A1Y1_127_R,A1Y1_127_R.counts,14,1103P,RDI,veraison,Reproductive,C
A1Y1_128_L,A1Y1_128_L.counts,14,1103P,RDI,veraison,Leaf,C
A1Y1_128_R,A1Y1_128_R.counts,14,1103P,RDI,veraison,Reproductive,C
A1Y1_129_L,A1Y1_129_L.counts,15,Own,none,veraison,Leaf,C
A1Y1_129_R,A1Y1_129_R.counts,15,Own,none,veraison,Reproductive,C
A1Y1_130_L,A1Y1_130_L.counts,15,Own,none,veraison,Leaf,C
A1Y1_130_R,A1Y1_130_R.counts,15,Own,none,veraison,Reproductive,C
A1Y1_131_L,A1Y1_131_L.counts,15,3309C,none,veraison,Leaf,C
A1Y1_131_R,A1Y1_131_R.counts,15,3309C,none,veraison,Reproductive,C
A1Y1_132_L,A1Y1_132_L.counts,15,3309C,none,veraison,Leaf,C
A1Y1_132_R,A1Y1_132_R.counts,15,3309C,none,veraison,Reproductive,C
A1Y1_133_L,A1Y1_133_L.counts,15,1103P,none,veraison,Leaf,C
A1Y1_133_R,A1Y1_133_R.counts,15,1103P,none,veraison,Reproductive,C
A1Y1_134_L,A1Y1_134_L.counts,15,1103P,none,veraison,Leaf,C
A1Y1_134_R,A1Y1_134_R.counts,15,1103P,none,veraison,Reproductive,C
A1Y1_135_L,A1Y1_135_L.counts,15,SO4,none,veraison,Leaf,C
A1Y1_135_R,A1Y1_135_R.counts,15,SO4,none,veraison,Reproductive,C
A1Y1_136_L,A1Y1_136_L.counts,15,SO4,none,veraison,Leaf,C
A1Y1_136_R,A1Y1_136_R.counts,15,SO4,none,veraison,Reproductive,C
A1Y1_137_L,A1Y1_137_L.counts,16,1103P,full,veraison,Leaf,C
A1Y1_137_R,A1Y1_137_R.counts,16,1103P,full,veraison,Reproductive,C
A1Y1_138_L,A1Y1_138_L.counts,16,1103P,full,veraison,Leaf,C
A1Y1_138_R,A1Y1_138_R.counts,16,1103P,full,veraison,Reproductive,C
A1Y1_139_L,A1Y1_139_L.counts,16,Own,full,veraison,Leaf,C
A1Y1_139_R,A1Y1_139_R.counts,16,Own,full,veraison,Reproductive,C
A1Y1_140_L,A1Y1_140_L.counts,16,Own,full,veraison,Leaf,C
A1Y1_140_R,A1Y1_140_R.counts,16,Own,full,veraison,Reproductive,C
A1Y1_141_L,A1Y1_141_L.counts,16,SO4,full,veraison,Leaf,C
A1Y1_141_R,A1Y1_141_R.counts,16,SO4,full,veraison,Reproductive,C
A1Y1_142_L,A1Y1_142_L.counts,16,SO4,full,veraison,Leaf,C
A1Y1_142_R,A1Y1_142_R.counts,16,SO4,full,veraison,Reproductive,C
A1Y1_143_L,A1Y1_143_L.counts,16,3309C,full,veraison,Leaf,C
A1Y1_143_R,A1Y1_143_R.counts,16,3309C,full,veraison,Reproductive,C
A1Y1_144_L,A1Y1_144_L.counts,16,3309C,full,veraison,Leaf,C
A1Y1_144_R,A1Y1_144_R.counts,16,3309C,full,veraison,Reproductive,C
A1Y1_145_L,A1Y1_145_L.counts,8,1103P,none,harvest,Leaf,A
A1Y1_145_R,A1Y1_145_R.counts,8,1103P,none,harvest,Reproductive,A
A1Y1_146_L,A1Y1_146_L.counts,8,1103P,none,harvest,Leaf,A
A1Y1_146_R,A1Y1_146_R.counts,8,1103P,none,harvest,Reproductive,A
A1Y1_147_L,A1Y1_147_L.counts,8,3309C,none,harvest,Leaf,A
A1Y1_147_R,A1Y1_147_R.counts,8,3309C,none,harvest,Reproductive,A
A1Y1_148_L,A1Y1_148_L.counts,8,3309C,none,harvest,Leaf,A
A1Y1_148_R,A1Y1_148_R.counts,8,3309C,none,harvest,Reproductive,A
A1Y1_149_L,A1Y1_149_L.counts,8,SO4,none,harvest,Leaf,A
A1Y1_149_R,A1Y1_149_R.counts,8,SO4,none,harvest,Reproductive,A
A1Y1_150_L,A1Y1_150_L.counts,8,SO4,none,harvest,Leaf,A
A1Y1_150_R,A1Y1_150_R.counts,8,SO4,none,harvest,Reproductive,A
A1Y1_151_L,A1Y1_151_L.counts,8,Own,none,harvest,Leaf,A
A1Y1_151_R,A1Y1_151_R.counts,8,Own,none,harvest,Reproductive,A
A1Y1_152_L,A1Y1_152_L.counts,8,Own,none,harvest,Leaf,A
A1Y1_152_R,A1Y1_152_R.counts,8,Own,none,harvest,Reproductive,A
A1Y1_153_L,A1Y1_153_L.counts,9,Own,RDI,harvest,Leaf,A
A1Y1_153_R,A1Y1_153_R.counts,9,Own,RDI,harvest,Reproductive,A
A1Y1_154_L,A1Y1_154_L.counts,9,Own,RDI,harvest,Leaf,A
A1Y1_154_R,A1Y1_154_R.counts,9,Own,RDI,harvest,Reproductive,A
A1Y1_155_L,A1Y1_155_L.counts,9,1103P,RDI,harvest,Leaf,A
A1Y1_155_R,A1Y1_155_R.counts,9,1103P,RDI,harvest,Reproductive,A
A1Y1_156_L,A1Y1_156_L.counts,9,1103P,RDI,harvest,Leaf,A
A1Y1_156_R,A1Y1_156_R.counts,9,1103P,RDI,harvest,Reproductive,A
A1Y1_157_L,A1Y1_157_L.counts,9,3309C,RDI,harvest,Leaf,A
A1Y1_157_R,A1Y1_157_R.counts,9,3309C,RDI,harvest,Reproductive,A
A1Y1_158_L,A1Y1_158_L.counts,9,3309C,RDI,harvest,Leaf,A
A1Y1_158_R,A1Y1_158_R.counts,9,3309C,RDI,harvest,Reproductive,A
A1Y1_159_L,A1Y1_159_L.counts,9,SO4,RDI,harvest,Leaf,A
A1Y1_159_R,A1Y1_159_R.counts,9,SO4,RDI,harvest,Reproductive,A
A1Y1_160_L,A1Y1_160_L.counts,9,SO4,RDI,harvest,Leaf,A
A1Y1_160_R,A1Y1_160_R.counts,9,SO4,RDI,harvest,Reproductive,A
A1Y1_161_L,A1Y1_161_L.counts,10,3309C,full,harvest,Leaf,A
A1Y1_161_R,A1Y1_161_R.counts,10,3309C,full,harvest,Reproductive,A
A1Y1_162_L,A1Y1_162_L.counts,10,3309C,full,harvest,Leaf,A
A1Y1_162_R,A1Y1_162_R.counts,10,3309C,full,harvest,Reproductive,A
A1Y1_163_L,A1Y1_163_L.counts,10,SO4,full,harvest,Leaf,A
A1Y1_163_R,A1Y1_163_R.counts,10,SO4,full,harvest,Reproductive,A
A1Y1_164_L,A1Y1_164_L.counts,10,SO4,full,harvest,Leaf,A
A1Y1_164_R,A1Y1_164_R.counts,10,SO4,full,harvest,Reproductive,A
A1Y1_165_L,A1Y1_165_L.counts,10,Own,full,harvest,Leaf,A
A1Y1_165_R,A1Y1_165_R.counts,10,Own,full,harvest,Reproductive,A
A1Y1_166_L,A1Y1_166_L.counts,10,Own,full,harvest,Leaf,A
A1Y1_166_R,A1Y1_166_R.counts,10,Own,full,harvest,Reproductive,A
A1Y1_167_L,A1Y1_167_L.counts,10,1103P,full,harvest,Leaf,A
A1Y1_167_R,A1Y1_167_R.counts,10,1103P,full,harvest,Reproductive,A
A1Y1_168_L,A1Y1_168_L.counts,10,1103P,full,harvest,Leaf,A
A1Y1_168_R,A1Y1_168_R.counts,10,1103P,full,harvest,Reproductive,A
A1Y1_169_L,A1Y1_169_L.counts,11,3309C,RDI,harvest,Leaf,B
A1Y1_169_R,A1Y1_169_R.counts,11,3309C,RDI,harvest,Reproductive,B
A1Y1_170_L,A1Y1_170_L.counts,11,3309C,RDI,harvest,Leaf,B
A1Y1_170_R,A1Y1_170_R.counts,11,3309C,RDI,harvest,Reproductive,B
A1Y1_171_L,A1Y1_171_L.counts,11,1103P,RDI,harvest,Leaf,B
A1Y1_171_R,A1Y1_171_R.counts,11,1103P,RDI,harvest,Reproductive,B
A1Y1_172_L,A1Y1_172_L.counts,11,1103P,RDI,harvest,Leaf,B
A1Y1_172_R,A1Y1_172_R.counts,11,1103P,RDI,harvest,Reproductive,B
A1Y1_173_L,A1Y1_173_L.counts,11,Own,RDI,harvest,Leaf,B
A1Y1_173_R,A1Y1_173_R.counts,11,Own,RDI,harvest,Reproductive,B
A1Y1_174_L,A1Y1_174_L.counts,11,Own,RDI,harvest,Leaf,B
A1Y1_174_R,A1Y1_174_R.counts,11,Own,RDI,harvest,Reproductive,B
A1Y1_175_L,A1Y1_175_L.counts,11,SO4,RDI,harvest,Leaf,B
A1Y1_175_R,A1Y1_175_R.counts,11,SO4,RDI,harvest,Reproductive,B
A1Y1_176_L,A1Y1_176_L.counts,11,SO4,RDI,harvest,Leaf,B
A1Y1_176_R,A1Y1_176_R.counts,11,SO4,RDI,harvest,Reproductive,B
A1Y1_177_L,A1Y1_177_L.counts,12,1103P,full,harvest,Leaf,B
A1Y1_177_R,A1Y1_177_R.counts,12,1103P,full,harvest,Reproductive,B
A1Y1_178_L,A1Y1_178_L.counts,12,1103P,full,harvest,Leaf,B
A1Y1_178_R,A1Y1_178_R.counts,12,1103P,full,harvest,Reproductive,B
A1Y1_179_L,A1Y1_179_L.counts,12,Own,full,harvest,Leaf,B
A1Y1_179_R,A1Y1_179_R.counts,12,Own,full,harvest,Reproductive,B
A1Y1_180_L,A1Y1_180_L.counts,12,Own,full,harvest,Leaf,B
A1Y1_180_R,A1Y1_180_R.counts,12,Own,full,harvest,Reproductive,B
A1Y1_181_L,A1Y1_181_L.counts,12,SO4,full,harvest,Leaf,B
A1Y1_181_R,A1Y1_181_R.counts,12,SO4,full,harvest,Reproductive,B
A1Y1_182_L,A1Y1_182_L.counts,12,SO4,full,harvest,Leaf,B
A1Y1_182_R,A1Y1_182_R.counts,12,SO4,full,harvest,Reproductive,B
A1Y1_183_L,A1Y1_183_L.counts,12,3309C,full,harvest,Leaf,B
A1Y1_183_R,A1Y1_183_R.counts,12,3309C,full,harvest,Reproductive,B
A1Y1_184_L,A1Y1_184_L.counts,12,3309C,full,harvest,Leaf,B
A1Y1_184_R,A1Y1_184_R.counts,12,3309C,full,harvest,Reproductive,B
A1Y1_185_L,A1Y1_185_L.counts,13,SO4,none,harvest,Leaf,B
A1Y1_185_R,A1Y1_185_R.counts,13,SO4,none,harvest,Reproductive,B
A1Y1_186_L,A1Y1_186_L.counts,13,SO4,none,harvest,Leaf,B
A1Y1_186_R,A1Y1_186_R.counts,13,SO4,none,harvest,Reproductive,B
A1Y1_187_L,A1Y1_187_L.counts,13,3309C,none,harvest,Leaf,B
A1Y1_187_R,A1Y1_187_R.counts,13,3309C,none,harvest,Reproductive,B
A1Y1_188_L,A1Y1_188_L.counts,13,3309C,none,harvest,Leaf,B
A1Y1_188_R,A1Y1_188_R.counts,13,3309C,none,harvest,Reproductive,B
A1Y1_189_L,A1Y1_189_L.counts,13,1103P,none,harvest,Leaf,B
A1Y1_189_R,A1Y1_189_R.counts,13,1103P,none,harvest,Reproductive,B
A1Y1_190_L,A1Y1_190_L.counts,13,1103P,none,harvest,Leaf,B
A1Y1_190_R,A1Y1_190_R.counts,13,1103P,none,harvest,Reproductive,B
A1Y1_191_L,A1Y1_191_L.counts,13,Own,none,harvest,Leaf,B
A1Y1_191_R,A1Y1_191_R.counts,13,Own,none,harvest,Reproductive,B
A1Y1_192_L,A1Y1_192_L.counts,13,Own,none,harvest,Leaf,B
A1Y1_192_R,A1Y1_192_R.counts,13,Own,none,harvest,Reproductive,B
A1Y1_193_L,A1Y1_193_L.counts,14,3309C,RDI,harvest,Leaf,C
A1Y1_193_R,A1Y1_193_R.counts,14,3309C,RDI,harvest,Reproductive,C
A1Y1_194_L,A1Y1_194_L.counts,14,3309C,RDI,harvest,Leaf,C
A1Y1_194_R,A1Y1_194_R.counts,14,3309C,RDI,harvest,Reproductive,C
A1Y1_195_L,A1Y1_195_L.counts,14,SO4,RDI,harvest,Leaf,C
A1Y1_195_R,A1Y1_195_R.counts,14,SO4,RDI,harvest,Reproductive,C
A1Y1_196_L,A1Y1_196_L.counts,14,SO4,RDI,harvest,Leaf,C
A1Y1_196_R,A1Y1_196_R.counts,14,SO4,RDI,harvest,Reproductive,C
A1Y1_197_L,A1Y1_197_L.counts,14,Own,RDI,harvest,Leaf,C
A1Y1_197_R,A1Y1_197_R.counts,14,Own,RDI,harvest,Reproductive,C
A1Y1_198_L,A1Y1_198_L.counts,14,Own,RDI,harvest,Leaf,C
A1Y1_198_R,A1Y1_198_R.counts,14,Own,RDI,harvest,Reproductive,C
A1Y1_199_L,A1Y1_199_L.counts,14,1103P,RDI,harvest,Leaf,C
A1Y1_199_R,A1Y1_199_R.counts,14,1103P,RDI,harvest,Reproductive,C
A1Y1_200_L,A1Y1_200_L.counts,14,1103P,RDI,harvest,Leaf,C
A1Y1_200_R,A1Y1_200_R.counts,14,1103P,RDI,harvest,Reproductive,C
A1Y1_201_L,A1Y1_201_L.counts,15,Own,none,harvest,Leaf,C
A1Y1_201_R,A1Y1_201_R.counts,15,Own,none,harvest,Reproductive,C
A1Y1_202_L,A1Y1_202_L.counts,15,Own,none,harvest,Leaf,C
A1Y1_202_R,A1Y1_202_R.counts,15,Own,none,harvest,Reproductive,C
A1Y1_203_L,A1Y1_203_L.counts,15,3309C,none,harvest,Leaf,C
A1Y1_203_R,A1Y1_203_R.counts,15,3309C,none,harvest,Reproductive,C
A1Y1_204_L,A1Y1_204_L.counts,15,3309C,none,harvest,Leaf,C
A1Y1_204_R,A1Y1_204_R.counts,15,3309C,none,harvest,Reproductive,C
A1Y1_205_L,A1Y1_205_L.counts,15,1103P,none,harvest,Leaf,C
A1Y1_205_R,A1Y1_205_R.counts,15,1103P,none,harvest,Reproductive,C
A1Y1_206_L,A1Y1_206_L.counts,15,1103P,none,harvest,Leaf,C
A1Y1_206_R,A1Y1_206_R.counts,15,1103P,none,harvest,Reproductive,C
A1Y1_207_L,A1Y1_207_L.counts,15,SO4,none,harvest,Leaf,C
A1Y1_207_R,A1Y1_207_R.counts,15,SO4,none,harvest,Reproductive,C
A1Y1_208_L,A1Y1_208_L.counts,15,SO4,none,harvest,Leaf,C
A1Y1_208_R,A1Y1_208_R.counts,15,SO4,none,harvest,Reproductive,C
A1Y1_209_L,A1Y1_209_L.counts,16,1103P,full,harvest,Leaf,C
A1Y1_209_R,A1Y1_209_R.counts,16,1103P,full,harvest,Reproductive,C
A1Y1_210_L,A1Y1_210_L.counts,16,1103P,full,harvest,Leaf,C
A1Y1_210_R,A1Y1_210_R.counts,16,1103P,full,harvest,Reproductive,C
A1Y1_211_L,A1Y1_211_L.counts,16,Own,full,harvest,Leaf,C
A1Y1_211_R,A1Y1_211_R.counts,16,Own,full,harvest,Reproductive,C
A1Y1_212_L,A1Y1_212_L.counts,16,Own,full,harvest,Leaf,C
A1Y1_212_R,A1Y1_212_R.counts,16,Own,full,harvest,Reproductive,C
A1Y1_213_L,A1Y1_213_L.counts,16,SO4,full,harvest,Leaf,C
A1Y1_213_R,A1Y1_213_R.counts,16,SO4,full,harvest,Reproductive,C
A1Y1_214_L,A1Y1_214_L.counts,16,SO4,full,harvest,Leaf,C
A1Y1_214_R,A1Y1_214_R.counts,16,SO4,full,harvest,Reproductive,C
A1Y1_215_L,A1Y1_215_L.counts,16,3309C,full,harvest,Leaf,C
A1Y1_215_R,A1Y1_215_R.counts,16,3309C,full,harvest,Reproductive,C
A1Y1_216_L,A1Y1_216_L.counts,16,3309C,full,harvest,Leaf,C
A1Y1_216_R,A1Y1_216_R.counts,16,3309C,full,harvest,Reproductive,C
